Count,Name,Expansion,Foil
11,Marsh Threader,Worldwake,0
11,Embodiment of Spring,Khans of Tarkir,0
10,Lys Alana Bowmaster,Morningtide,0
10,Smite the Monstrous,Khans of Tarkir,0
9,Tundra Wolves,Classic Sixth Edition,0
9,Chained Throatseeker,New Phyrexia,0
9,Force Away,Khans of Tarkir,0
9,Mardu Hordechief,Khans of Tarkir,0
8,Willow Faerie,Homelands,0
8,Shade of Trokair,Planar Chaos,0
8,Wetland Sambar,Khans of Tarkir,0
8,Paralyzing Grasp,Zendikar,0
7,Duty-Bound Dead,Magic 2013,0
7,Scaldkin,Khans of Tarkir,0
7,Naturalize,Khans of Tarkir,0
7,Scout the Borders,Khans of Tarkir,0
7,Arrow Storm,Khans of Tarkir,0
7,Leaping Master,Khans of Tarkir,0
7,Spark Jolt,Theros,0
7,Sultai Scavenger,Khans of Tarkir,0
7,Rite of the Serpent,Khans of Tarkir,0
7,Rakshasa's Secret,Khans of Tarkir,0
7,Kheru Dreadmaw,Khans of Tarkir,0
6,Ranger's Guile,Magic 2015 Core Set,0
6,Taigam's Scheming,Khans of Tarkir,0
6,Jeskai Windscout,Khans of Tarkir,0
6,Crippling Chill,Khans of Tarkir,0
6,Highland Game,Khans of Tarkir,0
6,Swift Kick,Khans of Tarkir,0
6,Bloodfire Mentor,Khans of Tarkir,0
6,Act of Treason,Khans of Tarkir,0
6,Elvish Warrior,Morningtide,0
6,Winnower Patrol,Morningtide,0
6,Triton Shorethief,Theros,0
6,Felhide Minotaur,Theros,0
6,Caller of Gales,Zendikar,0
6,About Face,Urza's Legacy,0
6,Jeskai Student,Khans of Tarkir,0
6,Boon of Emrakul,Eldritch Moon,0
5,Lavastep Raider,Battle for Zendikar,0
5,Ray of Revelation,Dark Ascension,0
5,Cinder Pyromancer,Eventide,0
5,Safehold Sentry,Shadowmoor,0
5,Coordinated Barrage,Morningtide,0
5,Puncture Bolt,Shadowmoor,0
5,Searing Spear,Magic 2013,0
5,Defeat,Dragons of Tarkir,0
5,Singing Bell Strike,Khans of Tarkir,0
5,Shatter,Khans of Tarkir,0
5,Barrage of Boulders,Khans of Tarkir,0
5,Cancel,Khans of Tarkir,0
5,Archers' Parapet,Khans of Tarkir,0
5,Dragonscale Boon,Khans of Tarkir,0
5,Bloodfire Expert,Khans of Tarkir,0
5,Smoke Teller,Khans of Tarkir,0
5,Sigiled Starfish,Journey into Nyx,0
5,Voyage's End,Theros,0
5,Disciple of Phenax,Theros,0
5,Thassa's Bounty,Theros,0
5,Boon of Erebos,Theros,0
5,Blood-Toll Harpy,Theros,0
5,Lash of the Whip,Theros,0
5,Twisted Experiment,Urza's Destiny,0
5,Ainok Bond-Kin,Khans of Tarkir,0
5,Firehoof Cavalry,Khans of Tarkir,0
5,Bitter Revelation,Khans of Tarkir,0
5,Erase,Khans of Tarkir,0
5,War Behemoth,Khans of Tarkir,0
5,Galvanic Bombardment,Eldritch Moon,0
4,Join the Ranks,Worldwake,0
4,Giant Growth,Magic 2011,0
4,Judge Unworthy,Future Sight,0
4,Puncture Blast,Eventide,0
4,Eyeblight Assassin,Magic Origins,0
4,Forfend,Morningtide,0
4,Devoted Druid,Shadowmoor,0
4,Presence of Gond,Shadowmoor,0
4,Rustrazor Butcher,Shadowmoor,0
4,Nurturer Initiate,Shadowmoor,0
4,Power of Fire,Shadowmoor,0
4,Burn Trail,Shadowmoor,0
4,Cerulean Wisps,Shadowmoor,0
4,Immolation,Fourth Edition,0
4,Fortified Area,Fourth Edition,0
4,Blood Lust,Fourth Edition,0
4,Energy Tap,Fourth Edition,0
4,Power Sink,Revised Edition,0
4,Rampant Growth,Classic Sixth Edition,0
4,Hero's Resolve,Classic Sixth Edition,0
4,Kjeldoran Dead,Classic Sixth Edition,0
4,Memory Lapse,Classic Sixth Edition,0
4,Distress,Magic 2012,0
4,Liliana's Shade,Magic 2013,0
4,Weave Fate,Khans of Tarkir,0
4,Trumpet Blast,Khans of Tarkir,0
4,Summit Prowler,Khans of Tarkir,0
4,Monastery Flock,Khans of Tarkir,0
4,Sagu Archer,Khans of Tarkir,0
4,Valley Dasher,Khans of Tarkir,0
4,Bring Low,Khans of Tarkir,0
4,Kin-Tree Warden,Khans of Tarkir,0
4,Veiling Oddity,Planar Chaos,0
4,Evolution Charm,Planar Chaos,0
4,Merfolk Thaumaturgist,Planar Chaos,0
4,Pendrell Flux,Urza's Saga,0
4,Deglamer,Morningtide,0
4,Stingmoggie,Morningtide,0
4,Sunflare Shaman,Morningtide,0
4,Mudbutton Clanger,Morningtide,0
4,Forsaken Drifters,Born of the Gods,0
4,Stratus Walk,Born of the Gods,0
4,Pheres-Band Thunderhoof,Journey into Nyx,0
4,Aerial Formation,Journey into Nyx,0
4,Loathsome Catoblepas,Theros,0
4,Fleshmad Steed,Theros,0
4,Fleeting Distraction,Rise of the Eldrazi,0
4,Ogre Sentry,Rise of the Eldrazi,0
4,Intervene,Urza's Legacy,0
4,Slow Motion,Urza's Legacy,0
4,Crop Rotation,Urza's Legacy,0
4,Expendable Troops,Urza's Legacy,0
4,Opal Champion,Urza's Legacy,0
4,Rush of Battle,Khans of Tarkir,0
4,Disowned Ancestor,Khans of Tarkir,0
4,Molting Snakeskin,Khans of Tarkir,0
4,Throttle,Khans of Tarkir,0
4,Kill Shot,Khans of Tarkir,0
4,Sidisi's Pet,Khans of Tarkir,0
4,Laboratory Brute,Eldritch Moon,0
3,Silent Skimmer,Battle for Zendikar,0
3,Spell Shrivel,Battle for Zendikar,0
3,Zulaport Chainmage,Oath of the Gatewatch,0
3,Stalking Drone,Oath of the Gatewatch,0
3,Witness the End,Oath of the Gatewatch,0
3,Makindi Aeronaut,Oath of the Gatewatch,0
3,Abstruse Interference,Oath of the Gatewatch,0
3,Cultivator Drone,Oath of the Gatewatch,0
3,Gravity Negator,Oath of the Gatewatch,0
3,Comparative Analysis,Oath of the Gatewatch,0
3,Smite the Monstrous,Battle for Zendikar,0
3,Order of the Sacred Bell,Champions of Kamigawa,0
3,Renewal,Homelands,0
3,Willow Faerie,Homelands,0
3,Gilt-Leaf Seer,Lorwyn,0
3,Elvish Branchbender,Lorwyn,0
3,Groundswell,Worldwake,0
3,Fledgling Griffin,Worldwake,0
3,Earthlore,Ice Age,0
3,Panic,Ice Age,0
3,Prismatic Ward,Ice Age,0
3,Heartlash Cinder,Eventide,0
3,Fire at Will,Eventide,0
3,Aerie Ouphes,Eventide,0
3,Rain of Rust,Fifth Dawn,0
3,Mine Excavation,Shadowmoor,0
3,Woeleecher,Shadowmoor,0
3,Last Breath,Shadowmoor,0
3,Whitemane Lion,Planar Chaos,0
3,Pallid Mycoderm,Planar Chaos,0
3,Symbiosis,Urza's Saga,0
3,Raze,Urza's Saga,0
3,Expunge,Urza's Saga,0
3,Reality Hemorrhage,Oath of the Gatewatch,0
3,Oblivion Strike,Oath of the Gatewatch,0
3,Shoulder to Shoulder,Oath of the Gatewatch,0
3,Psychic Miasma,Scars of Mirrodin,0
3,Vulshok Heartstoker,Scars of Mirrodin,0
3,Fume Spitter,Scars of Mirrodin,0
3,Bloodshed Fever,Shadowmoor,0
3,Mudbrawler Cohort,Shadowmoor,0
3,Intimidator Initiate,Shadowmoor,0
3,Gloomwidow's Feast,Shadowmoor,0
3,Rabid Bite,Shadows over Innistrad,0
3,Fallow Earth,Classic Sixth Edition,0
3,Summer Bloom,Classic Sixth Edition,0
3,Unsummon,Classic Sixth Edition,0
3,Spell Blast,Classic Sixth Edition,0
3,Remove Soul,Classic Sixth Edition,0
3,Counterspell,Classic Sixth Edition,0
3,Fling,Magic 2012,0
3,Gladecover Scout,Magic 2014 Core Set,0
3,Satyr Wayfinder,Magic 2015 Core Set,0
3,Ainok Artillerist,Dragons of Tarkir,0
3,Revealing Wind,Dragons of Tarkir,0
3,Tread Upon,Dragons of Tarkir,0
3,Glint,Dragons of Tarkir,0
3,Kolaghan Aspirant,Dragons of Tarkir,0
3,Disdainful Stroke,Khans of Tarkir,0
3,Tormenting Voice,Khans of Tarkir,0
3,Whirlwind Adept,Khans of Tarkir,0
3,Savage Punch,Khans of Tarkir,0
3,Rabid Bloodsucker,Magic Origins,0
3,Nightsnare,Magic Origins,0
3,Dark Dabbling,Magic Origins,0
3,Infernal Scarring,Magic Origins,0
3,Akroan Jailer,Magic Origins,0
3,Kytheon's Tactics,Magic Origins,0
3,Enshrouding Mist,Magic Origins,0
3,Vine Snare,Magic Origins,0
3,Fertilid,Morningtide,0
3,Ambassador Oak,Morningtide,0
3,Shinewend,Morningtide,0
3,Sage's Dousing,Morningtide,0
3,Mortal's Resolve,Born of the Gods,0
3,Snake of the Golden Grove,Born of the Gods,0
3,Claim of Erebos,Born of the Gods,0
3,Akroan Mastiff,Journey into Nyx,0
3,Oreskos Swiftclaw,Journey into Nyx,0
3,Nature's Panoply,Journey into Nyx,0
3,Vaporkin,Theros,0
3,Returned Centaur,Theros,0
3,Asphodel Wanderer,Theros,0
3,Cavern Lampad,Theros,0
3,Setessan Griffin,Theros,0
3,Traveling Philosopher,Theros,0
3,Time to Feed,Theros,0
3,Crosstown Courier,Return to Ravnica,0
3,Doomed Traveler,Innistrad,0
3,Forbidden Alchemy,Innistrad,0
3,Sanctum Gargoyle,Shards of Alara,0
3,Excommunicate,Shards of Alara,0
3,Hissing Iguanar,Shards of Alara,0
3,Knight of the Skyward Eye,Shards of Alara,0
3,Cancel,Shards of Alara,0
3,Salvage Slasher,Conflux,0
3,Faerie Mechanist,Conflux,0
3,Essence Feed,Rise of the Eldrazi,0
3,Zof Shade,Rise of the Eldrazi,0
3,Deprive,Rise of the Eldrazi,0
3,Grotag Siege-Runner,Rise of the Eldrazi,0
3,Overgrown Battlement,Rise of the Eldrazi,0
3,Living Destiny,Rise of the Eldrazi,0
3,Regress,Rise of the Eldrazi,0
3,Ondu Giant,Rise of the Eldrazi,0
3,See Beyond,Rise of the Eldrazi,0
3,Sure Strike,Battle for Zendikar,0
3,Lethargy Trap,Zendikar,0
3,Refocus,Fate Reforged,0
3,Fierce Invocation,Fate Reforged,0
3,Formless Nurturing,Fate Reforged,0
3,Yavimaya Elder,Urza's Destiny,0
3,Fog,Fourth Edition,0
3,Holy Strength,Fourth Edition,0
3,Osai Vultures,Fourth Edition,0
3,Evil Eye of Orms-by-Gore,Classic Sixth Edition,0
3,Artful Maneuver,Dragons of Tarkir,0
3,Lightwalker,Dragons of Tarkir,0
3,Tormented Angel,Urza's Destiny,0
3,Field Surgeon,Urza's Destiny,0
3,Defiant Strike,Khans of Tarkir,0
3,Sage-Eye Harrier,Khans of Tarkir,0
3,Alabaster Kirin,Khans of Tarkir,0
3,Krumar Bond-Kin,Khans of Tarkir,0
3,Mardu Skullhunter,Khans of Tarkir,0
3,Dutiful Return,Khans of Tarkir,0
3,Unyielding Krumar,Khans of Tarkir,0
3,Debilitating Injury,Khans of Tarkir,0
3,Salt Road Patrol,Khans of Tarkir,0
3,Feat of Resistance,Khans of Tarkir,0
3,Prophetic Ravings,Eldritch Moon,0
3,Certain Death,Eldritch Moon,0
3,Succumb to Temptation,Eldritch Moon,0
3,Dawn Gryff,Eldritch Moon,0
3,Make Mischief,Eldritch Moon,0
3,Choking Restraints,Eldritch Moon,0
3,Sigardian Priest,Eldritch Moon,0
3,Terrarion,Eldritch Moon,0
3,Somberwald Stag,Eldritch Moon,0
3,Fortune's Favor,Eldritch Moon,0
3,Gavony Unhallowed,Eldritch Moon,0
3,Grapple with the Past,Eldritch Moon,0
3,Field Creeper,Eldritch Moon,0
3,Desperate Sentry,Eldritch Moon,0
2,Cathartic Reunion,Kaladesh,0
2,Weldfast Monitor,Kaladesh,0
2,Clutch of Currents,Battle for Zendikar,0
2,Oran-Rief Invoker,Battle for Zendikar,0
2,Snapping Gnarlid,Battle for Zendikar,0
2,Natural Connection,Battle for Zendikar,0
2,Kalastria Healer,Battle for Zendikar,0
2,Boiling Earth,Battle for Zendikar,0
2,Dominator Drone,Battle for Zendikar,0
2,Valakut Invoker,Battle for Zendikar,0
2,Dispel,Battle for Zendikar,0
2,Expedition Raptor,Oath of the Gatewatch,0
2,Elemental Uprising,Oath of the Gatewatch,0
2,Kozilek's Translator,Oath of the Gatewatch,0
2,Isolation Zone,Oath of the Gatewatch,0
2,Angelic Gift,Battle for Zendikar,0
2,Kitesail Scout,Battle for Zendikar,0
2,Inspired Charge,Battle for Zendikar,0
2,Tandem Tactics,Battle for Zendikar,0
2,Fire Drake,The Dark,0
2,Venerable Kumo,Champions of Kamigawa,0
2,Feral Deceiver,Champions of Kamigawa,0
2,Kami of the Hunt,Champions of Kamigawa,0
2,Quiet Purity,Champions of Kamigawa,0
2,Fungal Bloom,Fallen Empires,0
2,Spectral Bears,Homelands,0
2,Consuming Bonfire,Lorwyn,0
2,Warren-Scourge Elf,Lorwyn,0
2,Grappler Spider,Worldwake,0
2,Whiptail Moloch,Dissension,0
2,Tranquility,Seventh Edition,0
2,Wildwood Rebirth,Gatecrash,0
2,Thraben Inspector,Shadows over Innistrad,0
2,Devilthorn Fox,Shadows over Innistrad,0
2,Inquisitor's Ox,Shadows over Innistrad,0
2,Strength of Arms,Shadows over Innistrad,0
2,Gossamer Chains,Visions,0
2,Youthful Knight,Tenth Edition,0
2,Lure,Tenth Edition,0
2,Sporoloth Ancient,Future Sight,0
2,Blade of the Sixth Pride,Future Sight,0
2,Henchfiend of Ukor,Future Sight,0
2,Llanowar Augur,Future Sight,0
2,Quiet Disrepair,Future Sight,0
2,Grave Scrabbler,Future Sight,0
2,Shield Bearer,Ice Age,0
2,Shatter,Ice Age,0
2,Seraph,Ice Age,0
2,Cenn's Enlistment,Eventide,0
2,Hotheaded Giant,Eventide,0
2,Wickerbough Elder,Eventide,0
2,Nettle Sentinel,Eventide,0
2,Monstrify,Eventide,0
2,Soltari Foot Soldier,Tempest,0
2,Rushwood Herbalist,Mercadian Masques,0
2,Silt Crawler,Prophecy,0
2,Drooling Ogre,Darksteel,0
2,Echoing Calm,Darksteel,0
2,Sanctum Gargoyle,Archenemy,0
2,Stand Firm,Fifth Dawn,0
2,Fists of Ironwood,Ravnica: City of Guilds,0
2,Dogpile,Ravnica: City of Guilds,0
2,Brainspoil,Ravnica: City of Guilds,0
2,Steamcore Weird,Guildpact,0
2,Psychic Barrier,New Phyrexia,0
2,Impaler Shrike,New Phyrexia,0
2,Blistering Dieflyn,Shadowmoor,0
2,Inescapable Brute,Shadowmoor,0
2,Rune-Cervin Rider,Shadowmoor,0
2,Apothecary Initiate,Shadowmoor,0
2,Farhaven Elf,Shadowmoor,0
2,Ember Gale,Shadowmoor,0
2,Dream's Grip,Mirrodin,0
2,Weaver of Lightning,Eldritch Moon,0
2,Incendiary Flow,Eldritch Moon,0
2,Midnight Scavengers,Eldritch Moon,0
2,Graf Rats,Eldritch Moon,0
2,Falkenrath Reaver,Eldritch Moon,0
2,Vildin-Pack Outcast,Eldritch Moon,0
2,Sleep Paralysis,Shadows over Innistrad,0
2,Macabre Waltz,Shadows over Innistrad,0
2,Twins of Maurer Estate,Shadows over Innistrad,0
2,Bloodmad Vampire,Shadows over Innistrad,0
2,Uncaged Fury,Shadows over Innistrad,0
2,Loam Dryad,Shadows over Innistrad,0
2,Crow of Dark Tidings,Shadows over Innistrad,0
2,Moldgraf Scavenger,Shadows over Innistrad,0
2,Byway Courier,Shadows over Innistrad,0
2,Root Out,Shadows over Innistrad,0
2,Just the Wind,Shadows over Innistrad,0
2,Pieces of the Puzzle,Shadows over Innistrad,0
2,Unsummon,Fourth Edition,0
2,Fog,Classic Sixth Edition,0
2,Untamed Wilds,Classic Sixth Edition,0
2,Robe of Mirrors,Tenth Edition,0
2,Cancel,Tenth Edition,0
2,Burst of Speed,Magic 2010,0
2,Convincing Mirage,Magic 2010,0
2,Stormfront Pegasus,Magic 2010,0
2,Blinding Mage,Magic 2010,0
2,Soul Warden,Magic 2010,0
2,Holy Strength,Magic 2010,0
2,Merfolk Looter,Magic 2010,0
2,Hideous Visage,Magic 2012,0
2,Taste of Blood,Magic 2012,0
2,Mind Rot,Magic 2012,0
2,Warpath Ghoul,Magic 2012,0
2,Wild Guess,Magic 2013,0
2,Essence Drain,Magic 2013,0
2,Peel from Reality,Magic 2015 Core Set,0
2,Black Cat,Magic 2015 Core Set,0
2,Flesh to Dust,Magic 2015 Core Set,0
2,Necrobite,Magic 2015 Core Set,0
2,Hunt the Weak,Magic 2015 Core Set,0
2,Naturalize,Magic 2015 Core Set,0
2,Ancient Carp,Dragons of Tarkir,0
2,Dragon-Scarred Bear,Dragons of Tarkir,0
2,Updraft Elemental,Dragons of Tarkir,0
2,Ojutai's Summons,Dragons of Tarkir,0
2,Wandering Tombshell,Dragons of Tarkir,0
2,Sidisi's Faithful,Dragons of Tarkir,0
2,Mystic Meditation,Dragons of Tarkir,0
2,Colossodon Yearling,Dragons of Tarkir,0
2,Pinion Feast,Dragons of Tarkir,0
2,Kindled Fury,Dragons of Tarkir,0
2,Reckless Imp,Dragons of Tarkir,0
2,Mind Rot,Dragons of Tarkir,0
2,Tail Slash,Dragons of Tarkir,0
2,Treasure Cruise,Khans of Tarkir,0
2,Awaken the Bear,Khans of Tarkir,0
2,Alpine Grizzly,Khans of Tarkir,0
2,Winterflame,Khans of Tarkir,0
2,Aphetto Dredging,Onslaught,0
2,Shock,Onslaught,0
2,Reality Acid,Planar Chaos,0
2,Venarian Glimmer,Planar Chaos,0
2,Essence Warden,Planar Chaos,0
2,Aven Riftwatcher,Planar Chaos,0
2,Sunlance,Planar Chaos,0
2,Seal of Primordium,Planar Chaos,0
2,Power Sink,Mirage,0
2,Hush,Urza's Saga,0
2,Opal Gargoyle,Urza's Saga,0
2,Opal Caryatid,Urza's Saga,0
2,Catalog,Urza's Saga,0
2,Annul,Urza's Saga,0
2,Disperse,Magic Origins,0
2,Watercourser,Magic Origins,0
2,Timberpack Wolf,Magic Origins,0
2,Hitchclaw Recluse,Magic Origins,0
2,Dream Thief,Eventide,0
2,Fire Juggler,Morningtide,0
2,Shard Volley,Morningtide,0
2,Karametra's Favor,Born of the Gods,0
2,Swordwise Centaur,Born of the Gods,0
2,Charging Badger,Born of the Gods,0
2,Scouring Sands,Born of the Gods,0
2,Cyclops of One-Eyed Pass,Born of the Gods,0
2,Servant of Tymaret,Born of the Gods,0
2,Necrobite,Born of the Gods,0
2,Felhide Brawler,Born of the Gods,0
2,Grisly Transformation,Born of the Gods,0
2,Nullify,Born of the Gods,0
2,Divination,Born of the Gods,0
2,Kruphix's Insight,Journey into Nyx,0
2,Renowned Weaver,Journey into Nyx,0
2,Market Festival,Journey into Nyx,0
2,Font of Fortunes,Journey into Nyx,0
2,Triton Shorestalker,Journey into Nyx,0
2,War-Wing Siren,Journey into Nyx,0
2,Rise of Eagles,Journey into Nyx,0
2,Fate Foretold,Theros,0
2,Akroan Crusader,Theros,0
2,Pharika's Cure,Theros,0
2,Baleful Eidolon,Theros,0
2,Gray Merchant of Asphodel,Theros,0
2,Portent of Betrayal,Theros,0
2,Griptide,Theros,0
2,Fade into Antiquity,Theros,0
2,Defend the Hearth,Theros,0
2,March of the Returned,Theros,0
2,Staunch-Hearted Warrior,Theros,0
2,Scourgemark,Theros,0
2,Spawn of Rix Maadi,Return to Ravnica,0
2,Cremate,Return to Ravnica,0
2,Launch Party,Return to Ravnica,0
2,Inspiration,Return to Ravnica,0
2,Destroy the Evidence,Return to Ravnica,0
2,Jund Panorama,Shards of Alara,0
2,Mosstodon,Shards of Alara,0
2,Wild Nacatl,Shards of Alara,0
2,Etherium Sculptor,Shards of Alara,0
2,Beacon Behemoth,Conflux,0
2,Demonic Appetite,Rise of the Eldrazi,0
2,Sporecap Spider,Rise of the Eldrazi,0
2,Battle Rampart,Rise of the Eldrazi,0
2,Kiln Fiend,Rise of the Eldrazi,0
2,Aura Finesse,Rise of the Eldrazi,0
2,Lay Bare,Rise of the Eldrazi,0
2,Anticipate,Battle for Zendikar,0
2,Nettle Drone,Battle for Zendikar,0
2,Grave Birthing,Battle for Zendikar,0
2,Wave-Wing Elemental,Battle for Zendikar,0
2,Eldrazi Skyspawner,Battle for Zendikar,0
2,Salvage Drone,Battle for Zendikar,0
2,Murk Strider,Battle for Zendikar,0
2,Eyeless Watcher,Battle for Zendikar,0
2,Voracious Null,Battle for Zendikar,0
2,Joraga Bard,Zendikar,0
2,Scythe Tiger,Zendikar,0
2,Maw of Kozilek,Oath of the Gatewatch,0
2,Boulder Salvo,Oath of the Gatewatch,0
2,Saddleback Lagac,Oath of the Gatewatch,0
2,Natural State,Oath of the Gatewatch,0
2,Netcaster Spider,Oath of the Gatewatch,0
2,Loam Larva,Oath of the Gatewatch,0
2,Vampire Envoy,Oath of the Gatewatch,0
2,Unnatural Endurance,Oath of the Gatewatch,0
2,Kor Scythemaster,Oath of the Gatewatch,0
2,Sweep Away,Oath of the Gatewatch,0
2,Umara Entangler,Oath of the Gatewatch,0
2,Containment Membrane,Oath of the Gatewatch,0
2,Jeskai Sage,Fate Reforged,0
2,Aven Surveyor,Fate Reforged,0
2,Enhanced Awareness,Fate Reforged,0
2,Ainok Guide,Fate Reforged,0
2,Hunt the Weak,Fate Reforged,0
2,Bathe in Dragonfire,Fate Reforged,0
2,Lightning Shrieker,Fate Reforged,0
2,Sultai Emissary,Fate Reforged,0
2,Gore Swine,Fate Reforged,0
2,Miscalculation,Urza's Legacy,0
2,Multani's Presence,Urza's Legacy,0
2,Snap,Urza's Legacy,0
2,Swat,Urza's Legacy,0
2,Fog of Gnats,Urza's Legacy,0
2,Tel-Jilad Fallen,Scars of Mirrodin,0
2,Ferrovore,Scars of Mirrodin,0
2,Shatter,Scars of Mirrodin,0
2,Scoria Elemental,Scars of Mirrodin,0
2,Kuldotha Rebirth,Scars of Mirrodin,0
2,Turn to Slag,Scars of Mirrodin,0
2,Carapace Forger,Scars of Mirrodin,0
2,Ezuri's Archers,Scars of Mirrodin,0
2,Soul Parry,Scars of Mirrodin,0
2,Instill Infection,Scars of Mirrodin,0
2,Tainted Strike,Scars of Mirrodin,0
2,Screeching Silcaw,Scars of Mirrodin,0
2,Vault Skyward,Scars of Mirrodin,0
2,Steady Progress,Scars of Mirrodin,0
2,Bonds of Quicksilver,Scars of Mirrodin,0
2,Plated Seastrider,Scars of Mirrodin,0
2,Turn Aside,Scars of Mirrodin,0
2,Chime of Night,Urza's Destiny,0
2,Shock,Magic 2014 Core Set,0
2,Cleric of the Forward Order,Magic Origins,0
2,Charging Griffin,Magic Origins,0
2,Stalwart Aven,Magic Origins,0
2,Mighty Leap,Magic Origins,0
2,Touch of Moonglove,Magic Origins,0
2,Titan's Strength,Magic Origins,0
2,Deadbridge Shaman,Magic Origins,0
2,Undead Servant,Magic Origins,0
2,Auramancer,Magic Origins,0
2,Weight of Conscience,Morningtide,0
2,Graceful Reprieve,Morningtide,0
2,Noggin Whack,Morningtide,0
2,Squeaking Pie Grubfellows,Morningtide,0
2,Festercreep,Morningtide,0
2,Changeling Sentinel,Morningtide,0
2,Dreadbringer Lampads,Journey into Nyx,0
2,Feast of Dreams,Journey into Nyx,0
2,Sigiled Skink,Journey into Nyx,0
2,Lightning Diadem,Journey into Nyx,0
2,Rouse the Mob,Journey into Nyx,0
2,Satyr Hoplite,Journey into Nyx,0
2,Eagle of the Watch,Journey into Nyx,0
2,Ephara's Radiance,Born of the Gods,0
2,Nyx Infusion,Journey into Nyx,0
2,Stonewise Fortifier,Journey into Nyx,0
2,Lagonna-Band Trailblazer,Journey into Nyx,0
2,Leonin Snarecaster,Theros,0
2,Chosen by Heliod,Theros,0
2,Rootborn Defenses,Return to Ravnica,0
2,Keening Apparition,Return to Ravnica,0
2,Bloodcrazed Neonate,Innistrad,0
2,Volcanic Submersion,Shards of Alara,0
2,Incurable Ogre,Shards of Alara,0
2,Dispeller's Capsule,Shards of Alara,0
2,Gleam of Resistance,Conflux,0
2,Fiery Fall,Conflux,0
2,Aven Skirmisher,Fate Reforged,0
2,Sandsteppe Outcast,Fate Reforged,0
2,Soul Summons,Fate Reforged,0
2,Dragon Bell Monk,Fate Reforged,0
2,Goblin Balloon Brigade,Fourth Edition,0
2,Wall of Dust,Fourth Edition,0
2,Stone Rain,Fourth Edition,0
2,Fissure,Fourth Edition,0
2,Fatal Blow,Classic Sixth Edition,0
2,Sabretooth Tiger,Classic Sixth Edition,0
2,Lightning Blast,Classic Sixth Edition,0
2,Shock,Classic Sixth Edition,0
2,Boil,Classic Sixth Edition,0
2,Smite,Rise of the Eldrazi,0
2,Kor Line-Slinger,Rise of the Eldrazi,0
2,Makindi Griffin,Rise of the Eldrazi,0
2,Guard Duty,Rise of the Eldrazi,0
2,Courier Griffin,Battle for Zendikar,0
2,Aven Tactician,Dragons of Tarkir,0
2,Fate Forgotten,Dragons of Tarkir,0
2,Enduring Victory,Dragons of Tarkir,0
2,Territorial Roc,Dragons of Tarkir,0
2,Capashen Templar,Urza's Destiny,0
2,Cessation,Urza's Legacy,0
2,Long Road Home,Eldritch Moon,0
2,Take Inventory,Eldritch Moon,0
2,Unsubstantiate,Eldritch Moon,0
2,Eternal Scourge,Eldritch Moon,0
2,Ironwright's Cleansing,Eldritch Moon,0
2,Steadfast Cathar,Eldritch Moon,0
2,Spectral Reserves,Eldritch Moon,0
2,Shrill Howler,Eldritch Moon,0
2,Mercurial Geists,Eldritch Moon,0
2,Thraben Standard Bearer,Eldritch Moon,0
2,Crossroads Consecrator,Eldritch Moon,0
2,Woodcutter's Grit,Eldritch Moon,0
2,Stensia Banquet,Eldritch Moon,0
2,Fogwalker,Eldritch Moon,0
1,Revolutionary Rebuff,Kaladesh,0
1,Æther Tradewinds,Kaladesh,0
1,Long-Finned Skywhale,Kaladesh,0
1,Tezzeret's Ambition,Kaladesh,0
1,Weldfast Wingsmith,Kaladesh,0
1,Confiscation Coup,Kaladesh,0
1,Revoke Privileges,Kaladesh,0
1,Trusty Companion,Kaladesh,0
1,Fragmentize,Kaladesh,0
1,Riparian Tiger,Kaladesh,0
1,Ornamental Courage,Kaladesh,0
1,Take Down,Kaladesh,0
1,Servant of the Conduit,Kaladesh,0
1,Metalspinner's Puzzleknot,Kaladesh,0
1,Accomplished Automaton,Kaladesh,0
1,Filigree Familiar,Kaladesh,0
1,Aradara Express,Kaladesh,0
1,Workshop Assistant,Kaladesh,0
1,Restoration Gearsmith,Kaladesh,0
1,Rush of Vitality,Kaladesh,0
1,Maulfist Squad,Kaladesh,0
1,Tidy Conclusion,Kaladesh,0
1,Syndicate Trafficker,Kaladesh,0
1,Harnessed Lightning,Kaladesh,0
1,Stromkirk Occultist,Eldritch Moon,0
1,Wailing Ghoul,Eldritch Moon,0
1,Murder,Eldritch Moon,0
1,Stromkirk Condemned,Eldritch Moon,0
1,Noosegraf Mob,Eldritch Moon,0
1,Rise from the Grave,Eldritch Moon,0
1,Savage Alliance,Eldritch Moon,0
1,Smoldering Werewolf,Eldritch Moon,0
1,Bedlam Reveler,Eldritch Moon,0
1,Brazen Wolves,Eldritch Moon,0
1,Bold Impaler,Eldritch Moon,0
1,Distemper of the Blood,Eldritch Moon,0
1,Conduit of Storms,Eldritch Moon,0
1,Driver of the Dead,Avacyn Restored,0
1,Crypt Creeper,Avacyn Restored,0
1,Hunted Ghoul,Avacyn Restored,0
1,Undergrowth,Alliances,0
1,Contagion,Alliances,0
1,Glyph of Destruction,Legends,0
1,Osai Vultures,Legends,0
1,Commune with Nature,Modern Masters 2015 Edition,0
1,Rampant Growth,Modern Masters 2015 Edition,0
1,Fiery Fall,Modern Masters 2015 Edition,0
1,Fissure,The Dark,0
1,Caustic Hound,Mirrodin Besieged,0
1,Metamorphosis,Arabian Nights,0
1,Commune with Nature,Champions of Kamigawa,0
1,Yamabushi's Storm,Champions of Kamigawa,0
1,Burr Grafter,Champions of Kamigawa,0
1,Ethereal Haze,Champions of Kamigawa,0
1,Harsh Deceiver,Champions of Kamigawa,0
1,Akki Drillmaster,Saviors of Kamigawa,0
1,Faithless Looting,Duel Decks: Sorin vs. Tibalt,0
1,Dragon Shadow,Scourge,0
1,Krosan Drover,Scourge,0
1,Volcanic Hammer,Portal Second Age,0
1,Highborn Ghoul,Dark Ascension,0
1,Gravepurge,Dark Ascension,0
1,Black Cat,Dark Ascension,0
1,Farbog Boneflinger,Dark Ascension,0
1,Farrel's Mantle,Fallen Empires,0
1,Icatian Javelineers,Fallen Empires,0
1,Dwarven Catapult,Fallen Empires,0
1,Spore Cloud,Fallen Empires,0
1,Spore Cloud,Fallen Empires,0
1,Goblin Chirurgeon,Fallen Empires,0
1,Goblin Chirurgeon,Fallen Empires,0
1,Icatian Infantry,Fallen Empires,0
1,Icatian Infantry,Fallen Empires,0
1,Goblin War Drums,Fallen Empires,0
1,Goblin War Drums,Fallen Empires,0
1,An-Zerrin Ruins,Homelands,0
1,Memory Lapse,Homelands,0
1,Memory Lapse,Homelands,0
1,Battlewand Oak,Lorwyn,0
1,Bog-Strider Ash,Lorwyn,0
1,Soulbright Flamekin,Lorwyn,0
1,Inner-Flame Igniter,Lorwyn,0
1,Silvergill Adept,Lorwyn,0
1,Faerie Trickery,Lorwyn,0
1,Imperious Perfect,Lorwyn,0
1,Fertile Ground,Lorwyn,0
1,Hurly-Burly,Lorwyn,0
1,Bog-Strider Ash,Lorwyn,0
1,Spring Cleaning,Lorwyn,0
1,Lace with Moonglove,Lorwyn,0
1,Makeshift Mannequin,Lorwyn,0
1,Faerie Tauntings,Lorwyn,0
1,Goldmeadow Harrier,Lorwyn,0
1,Wispmare,Lorwyn,0
1,Springjack Knight,Lorwyn,0
1,Kinsbaile Skirmisher,Lorwyn,0
1,Wellgabber Apothecary,Lorwyn,0
1,Whirlpool Whelm,Lorwyn,0
1,Snapping Creeper,Worldwake,0
1,Corrupted Zendikon,Worldwake,0
1,Graypelt Hunter,Worldwake,0
1,Veteran's Reflexes,Worldwake,0
1,Guardian Zendikon,Worldwake,0
1,Pilgrim's Eye,Worldwake,0
1,Runeboggle,Guildpact,0
1,Wildsize,Guildpact,0
1,Guardian's Magemark,Guildpact,0
1,Scab-Clan Mauler,Guildpact,0
1,Spined Thopter,New Phyrexia,0
1,Defensive Stance,New Phyrexia,0
1,Rowan Treefolk,Portal,0
1,Scarwood Treefolk,Time Spiral,0
1,Terramorphic Expanse,Time Spiral,0
1,Naya Sojourners,Alara Reborn,0
1,Demonmail Hauberk,Innistrad,0
1,Shimmering Grotto,Innistrad,0
1,Cackling Flames,Dissension,0
1,Valor Made Real,Dissension,0
1,Slithering Shade,Dissension,0
1,Cytospawn Shambler,Dissension,0
1,Soulsworn Jury,Dissension,0
1,Haazda Exonerator,Dissension,0
1,Seal of Fire,Dissension,0
1,Thrive,Dissension,0
1,Bond of Agony,Dissension,0
1,Master Decoy,Eighth Edition,0
1,Monstrous Growth,Eighth Edition,0
1,Shock,Eighth Edition,0
1,Elvish Pioneer,Eighth Edition,0
1,Air Elemental,Eighth Edition,0
1,Morgue Burst,Dragon's Maze,0
1,Woodlot Crawler,Dragon's Maze,0
1,Bronzebeak Moa,Dragon's Maze,0
1,Beetleform Mage,Dragon's Maze,0
1,Lyev Decree,Dragon's Maze,0
1,Fatal Fumes,Dragon's Maze,0
1,Ubul Sar Gatekeepers,Dragon's Maze,0
1,Smelt-Ward Gatekeepers,Dragon's Maze,0
1,Clear a Path,Dragon's Maze,0
1,Feral Animist,Dragon's Maze,0
1,Unholy Strength,Fifth Edition,0
1,Fallen Angel,Seventh Edition,0
1,Seeker of Skybreak,Seventh Edition,0
1,Vengeance,Seventh Edition,0
1,Boomerang,Seventh Edition,0
1,Updraft,Fifth Edition,0
1,Weakness,Magic 2010,0
1,Outrage Shaman,Eventide,0
1,Grazing Kelpie,Eventide,0
1,Razortip Whip,Gatecrash,0
1,Drakewing Krasis,Gatecrash,0
1,Ruination Wurm,Gatecrash,0
1,Leyline Phantom,Gatecrash,0
1,Horror of the Dim,Gatecrash,0
1,Devour Flesh,Gatecrash,0
1,Knight Watch,Gatecrash,0
1,Corpse Blockade,Gatecrash,0
1,Scab-Clan Charger,Gatecrash,0
1,Spire Tracer,Gatecrash,0
1,Burst of Strength,Gatecrash,0
1,Verdant Haven,Gatecrash,0
1,Skygames,Gatecrash,0
1,Drowner Initiate,Shadowmoor,0
1,Helm of the Ghastlord,Shadowmoor,0
1,Spell Syphon,Shadowmoor,0
1,Kinscaer Harpoonist,Shadowmoor,0
1,Advice from the Fae,Shadowmoor,0
1,Sinking Feeling,Shadowmoor,0
1,Briarberry Cohort,Shadowmoor,0
1,Smash to Smithereens,Shadowmoor,0
1,Hungry Spriggan,Shadowmoor,0
1,Juvenile Gloomwidow,Shadowmoor,0
1,Wildslayer Elves,Shadowmoor,0
1,Crabapple Cohort,Shadowmoor,0
1,Put Away,Shadowmoor,0
1,Oona's Gatewarden,Shadowmoor,0
1,Neurok Spy,Mirrodin,0
1,Krark-Clan Grunt,Mirrodin,0
1,Nim Shrieker,Mirrodin,0
1,Nim Lasher,Mirrodin,0
1,Nim Shambler,Mirrodin,0
1,Raise the Alarm,Mirrodin,0
1,Leonin Elder,Mirrodin,0
1,Somber Hoverguard,Mirrodin,0
1,Gold Myr,Mirrodin,0
1,Leaden Myr,Mirrodin,0
1,Copper Myr,Mirrodin,0
1,Alpha Myr,Mirrodin,0
1,Omega Myr,Mirrodin,0
1,Myr Mindservant,Mirrodin,0
1,Arrest,Mirrodin,0
1,"Thalia, Heretic Cathar","[""Can't find set for Thalia, Heretic Cathar in pPRE"", ""Can't find set for Thalia, Heretic Cathar in pPRE""]",0
1,Guardian of Pilgrims,Eldritch Moon,0
1,Borrowed Hostility,Eldritch Moon,0
1,Clear Shot,Eldritch Moon,0
1,Crop Sigil,Eldritch Moon,0
1,Scour the Laboratory,Eldritch Moon,0
1,Lone Rider,Eldritch Moon,0
1,Prey Upon,Eldritch Moon,0
1,Tattered Haunter,Eldritch Moon,0
1,Voldaren Pariah,Eldritch Moon,0
1,Ruthless Disposal,Eldritch Moon,0
1,Ingenious Skaab,Eldritch Moon,0
1,Drag Under,Eldritch Moon,0
1,Chilling Grasp,Eldritch Moon,0
1,Subjugator Angel,Eldritch Moon,0
1,Liliana's Elite,Eldritch Moon,0
1,Extricator of Sin,Eldritch Moon,0
1,Fiend Binder,Eldritch Moon,0
1,Fiend Binder,Eldritch Moon,1
1,Skirsdag Supplicant,Eldritch Moon,0
1,Ironclad Slayer,Eldritch Moon,0
1,Olivia's Dragoon,Eldritch Moon,0
1,Cathar's Shield,Eldritch Moon,0
1,Cultist's Staff,Eldritch Moon,0
1,Weirded Vampire,Eldritch Moon,0
1,Wretched Gryff,Eldritch Moon,0
1,Foul Emissary,Eldritch Moon,0
1,Emrakul's Influence,Eldritch Moon,0
1,Emrakul's Evangel,Eldritch Moon,0
1,Drownyard Behemoth,Eldritch Moon,0
1,Geist-Fueled Scarecrow,Eldritch Moon,0
1,Splendid Reclamation,Eldritch Moon,1
1,Cryptolith Fragment,Eldritch Moon,0
1,Abandon Reason,Eldritch Moon,0
1,Blood Mist,Eldritch Moon,0
1,Convolute,Eldritch Moon,0
1,Spirit of the Hunt,Eldritch Moon,0
1,Mind's Dilation,Eldritch Moon,0
1,Curious Homunculus,Eldritch Moon,0
1,Identity Thief,Eldritch Moon,0
1,Thraben Foulbloods,Eldritch Moon,0
1,Ingenious Skaab,Eldritch Moon,0
1,Primal Druid,Eldritch Moon,0
1,Enlightened Maniac,Eldritch Moon,0
1,Brazen Wolves,Eldritch Moon,0
1,Bold Impaler,Eldritch Moon,0
1,Shreds of Sanity,Eldritch Moon,0
1,Lunarch Mantle,Eldritch Moon,0
1,Exultant Cultist,Eldritch Moon,0
1,Contingency Plan,Eldritch Moon,0
1,Cemetery Recruitment,Eldritch Moon,0
1,Bloodbriar,Eldritch Moon,0
1,Swift Spinner,Eldritch Moon,0
1,It of the Horrid Swarm,Eldritch Moon,0
1,Mournwillow,Eldritch Moon,0
1,Nephalia Academy,Eldritch Moon,0
1,Vexing Scuttler,Eldritch Moon,0
1,Mockery of Nature,Eldritch Moon,0
1,Drownyard Explorers,Shadows over Innistrad,0
1,Catalog,Shadows over Innistrad,0
1,Deny Existence,Shadows over Innistrad,0
1,Seagraf Skaab,Shadows over Innistrad,0
1,Nagging Thoughts,Shadows over Innistrad,0
1,Gone Missing,Shadows over Innistrad,0
1,Press for Answers,Shadows over Innistrad,0
1,Silburlind Snapper,Shadows over Innistrad,0
1,Vessel of Paramnesia,Shadows over Innistrad,0
1,Niblis of Dusk,Shadows over Innistrad,0
1,True-Faith Censer,Shadows over Innistrad,0
1,Rancid Rats,Shadows over Innistrad,0
1,Traverse the Ulvenwald,Shadows over Innistrad,0
1,Ongoing Investigation,Shadows over Innistrad,1
1,Ulvenwald Mysteries,Shadows over Innistrad,0
1,Skin Invasion,Shadows over Innistrad,0
1,Ulrich's Kindred,Shadows over Innistrad,0
1,Reckless Scholar,Shadows over Innistrad,0
1,Engulf the Shore,Shadows over Innistrad,0
1,Liliana's Indignation,Shadows over Innistrad,0
1,Woodland Stream,Shadows over Innistrad,0
1,Tenacity,Shadows over Innistrad,0
1,Solitary Hunter,Shadows over Innistrad,0
1,Ghostly Wings,Shadows over Innistrad,0
1,Sleep Paralysis,Shadows over Innistrad,0
1,Silent Observer,Shadows over Innistrad,0
1,Voldaren Duelist,Shadows over Innistrad,0
1,Insolent Neonate,Shadows over Innistrad,0
1,Tormenting Voice,Shadows over Innistrad,0
1,Howlpack Wolf,Shadows over Innistrad,0
1,Structural Distortion,Shadows over Innistrad,0
1,Ember-Eye Wolf,Shadows over Innistrad,0
1,Convicted Killer,Shadows over Innistrad,0
1,Vessel of Malignity,Shadows over Innistrad,0
1,Merciless Resolve,Shadows over Innistrad,0
1,Sanguinary Mage,Shadows over Innistrad,0
1,Reduce to Ashes,Shadows over Innistrad,0
1,Fiery Temper,Shadows over Innistrad,0
1,Vessel of Volatility,Shadows over Innistrad,0
1,Dual Shot,Shadows over Innistrad,0
1,Merciless Resolve,Shadows over Innistrad,0
1,Stromkirk Mentor,Shadows over Innistrad,0
1,Stallion of Ashmouth,Shadows over Innistrad,0
1,Rottenheart Ghoul,Shadows over Innistrad,0
1,Vampire Noble,Shadows over Innistrad,0
1,Sanitarium Skeleton,Shadows over Innistrad,0
1,Grotesque Mutation,Shadows over Innistrad,0
1,Ghoulcaller's Accomplice,Shadows over Innistrad,0
1,Magmatic Chasm,Shadows over Innistrad,0
1,Stern Constable,Shadows over Innistrad,0
1,Moorland Drifter,Shadows over Innistrad,0
1,Emissary of the Sleepless,Shadows over Innistrad,0
1,Ethereal Guidance,Shadows over Innistrad,0
1,Angelic Purge,Shadows over Innistrad,0
1,Vessel of Ephemera,Shadows over Innistrad,0
1,Survive the Night,Shadows over Innistrad,0
1,Expose Evil,Shadows over Innistrad,0
1,Unruly Mob,Shadows over Innistrad,0
1,Puncturing Light,Shadows over Innistrad,0
1,Inspiring Captain,Shadows over Innistrad,0
1,Dauntless Cathar,Shadows over Innistrad,0
1,Cathar's Companion,Shadows over Innistrad,0
1,Apothecary Geist,Shadows over Innistrad,0
1,Vessel of Nascency,Shadows over Innistrad,0
1,Aim High,Shadows over Innistrad,0
1,Confront the Unknown,Shadows over Innistrad,0
1,Might Beyond Reason,Shadows over Innistrad,0
1,Stoic Builder,Shadows over Innistrad,0
1,Quilled Wolf,Shadows over Innistrad,0
1,Fork in the Road,Shadows over Innistrad,0
1,Unstable Mutation,Fourth Edition,0
1,Marsh Viper,Fifth Edition,0
1,Unstable Mutation,Fifth Edition,0
1,Unsummon,Fifth Edition,0
1,Counterspell,Fourth Edition,0
1,Farmstead,Revised Edition,0
1,Flashfires,Revised Edition,0
1,Mijae Djinn,Revised Edition,0
1,Spell Blast,Revised Edition,0
1,Spell Blast,Fourth Edition,0
1,Hurkyl's Recall,Fourth Edition,0
1,Blue Elemental Blast,Fourth Edition,0
1,Twiddle,Fourth Edition,0
1,Siren's Call,Fourth Edition,0
1,Creature Bond,Fourth Edition,0
1,Psychic Venom,Fourth Edition,0
1,Ray of Command,Fifth Edition,0
1,Blanket of Night,Visions,0
1,Rock Slide,Visions,0
1,Death Watch,Visions,0
1,Sun Clasp,Visions,0
1,Inspiration,Visions,0
1,Vision Charm,Visions,0
1,Man-o'-War,Visions,0
1,Mystic Veil,Visions,0
1,Lure,Classic Sixth Edition,0
1,Elven Riders,Classic Sixth Edition,0
1,Prodigal Sorcerer,Classic Sixth Edition,0
1,Warrior's Honor,Classic Sixth Edition,0
1,Shock,Ninth Edition,0
1,Rampant Growth,Ninth Edition,0
1,Summer Bloom,Ninth Edition,0
1,Remove Soul,Ninth Edition,0
1,Goblin Sky Raider,Tenth Edition,0
1,Sylvan Scrying,Tenth Edition,0
1,Elvish Berserker,Tenth Edition,0
1,Tundra Wolves,Tenth Edition,0
1,Suntail Hawk,Tenth Edition,0
1,Ghost Warden,Tenth Edition,0
1,Holy Day,Tenth Edition,0
1,Heart of Light,Tenth Edition,0
1,Demolish,Tenth Edition,0
1,Canopy Spider,Tenth Edition,0
1,Giant Spider,Tenth Edition,0
1,Aura Graft,Tenth Edition,0
1,Unsummon,Tenth Edition,0
1,Flashfreeze,Magic 2010,0
1,Disorient,Magic 2010,0
1,Cancel,Magic 2010,0
1,Unsummon,Magic 2011,0
1,Augury Owl,Magic 2011,0
1,Spined Wurm,Magic 2011,0
1,Awakener Druid,Magic 2011,0
1,Hornet Sting,Magic 2011,0
1,Fog,Magic 2011,0
1,Berserkers of Blood Ridge,Magic 2011,0
1,Prodigal Pyromancer,Magic 2011,0
1,Viscera Seer,Magic 2011,0
1,Goldenglow Moth,Magic 2011,0
1,Ajani's Mantra,Magic 2011,0
1,Devouring Swarm,Magic 2012,0
1,Shock,Magic 2012,0
1,Ice Cage,Magic 2012,0
1,Phantasmal Bear,Magic 2012,0
1,Lightning Elemental,Magic 2012,0
1,Merfolk of the Pearl Trident,Magic 2013,0
1,Titanic Growth,Magic 2013,0
1,Tormented Soul,Magic 2013,0
1,Mind Rot,Magic 2013,0
1,Watercourser,Magic 2013,0
1,Divination,Magic 2013,0
1,Index,Magic 2013,0
1,Encrust,Magic 2013,0
1,Giant Scorpion,Magic 2013,0
1,Chandra's Fury,Magic 2013,0
1,Murder,Magic 2013,0
1,Essence Scatter,Magic 2014 Core Set,0
1,Merfolk Spy,Magic 2014 Core Set,0
1,Elvish Mystic,Magic 2014 Core Set,0
1,Ranger's Guile,Magic 2014 Core Set,0
1,Act on Impulse,Magic 2015 Core Set,0
1,Lightning Strike,Magic 2015 Core Set,0
1,Witch's Familiar,Magic 2015 Core Set,0
1,Titanic Growth,Magic 2015 Core Set,0
1,Elvish Mystic,Magic 2015 Core Set,0
1,Hunter's Ambush,Magic 2015 Core Set,0
1,Crippling Blight,Magic 2015 Core Set,0
1,Wall of Fire,Magic 2015 Core Set,0
1,Clear a Path,Magic 2015 Core Set,0
1,Mind Rot,Magic 2015 Core Set,0
1,Negate,Magic 2015 Core Set,0
1,Chronostutter,Magic 2015 Core Set,0
1,Welkin Tern,Magic 2015 Core Set,0
1,Statute of Denial,Magic 2015 Core Set,0
1,Gurmag Drowner,Dragons of Tarkir,0
1,Gravepurge,Dragons of Tarkir,0
1,Summit Prowler,Dragons of Tarkir,0
1,Vandalize,Dragons of Tarkir,0
1,Lose Calm,Dragons of Tarkir,0
1,Impact Tremors,Dragons of Tarkir,0
1,Sarkhan's Rage,Dragons of Tarkir,0
1,Volcanic Rush,Dragons of Tarkir,0
1,Sibsig Icebreakers,Dragons of Tarkir,0
1,Kolaghan Skirmisher,Dragons of Tarkir,0
1,Monastery Loremaster,Dragons of Tarkir,0
1,Taigam's Strike,Dragons of Tarkir,0
1,Zephyr Scribe,Dragons of Tarkir,0
1,Ojutai Interceptor,Dragons of Tarkir,0
1,Ojutai's Breath,Dragons of Tarkir,0
1,Contradict,Dragons of Tarkir,0
1,Sheltered Aerie,Dragons of Tarkir,0
1,Naturalize,Dragons of Tarkir,0
1,Glade Watcher,Dragons of Tarkir,0
1,Epic Confrontation,Dragons of Tarkir,0
1,Shambling Goblin,Dragons of Tarkir,0
1,Butcher's Glee,Dragons of Tarkir,0
1,Duress,Dragons of Tarkir,0
1,Longshot Squad,Khans of Tarkir,0
1,Canyon Lurkers,Khans of Tarkir,0
1,Ainok Tracker,Khans of Tarkir,0
1,Warden of the Eye,Khans of Tarkir,0
1,Fathom Seer,Time Spiral,0
1,Clockspinning,Time Spiral,0
1,Evil Eye of Urborg,Time Spiral,0
1,Sporesower Thallid,Time Spiral,0
1,Gustcloak Cavalier,Time Spiral,0
1,Cavalry Master,Time Spiral,0
1,Skulking Knight,Time Spiral,0
1,Strength in Numbers,Time Spiral,0
1,Screeching Sliver,Time Spiral,0
1,Eternity Snare,Time Spiral,0
1,Errant Ephemeron,Time Spiral,0
1,Graxiplon,Onslaught,0
1,Accursed Centaur,Onslaught,0
1,Misery Charm,Onslaught,0
1,Anurid Murkdiver,Onslaught,0
1,Nantuko Husk,Onslaught,0
1,Wretched Anurid,Onslaught,0
1,Syphon Soul,Onslaught,0
1,Crown of Suspicion,Onslaught,0
1,Screeching Buzzard,Onslaught,0
1,Spined Basher,Onslaught,0
1,Swat,Onslaught,0
1,Fallen Cleric,Onslaught,0
1,Dirge of Dread,Onslaught,0
1,Wirewood Elf,Onslaught,0
1,Fever Charm,Onslaught,0
1,Haunted Cadaver,Onslaught,0
1,Into the North,Coldsnap,0
1,Icefall,Coldsnap,0
1,Goblin Rimerunner,Coldsnap,0
1,Magmatic Core,Coldsnap,0
1,Zombie Musher,Coldsnap,0
1,Luminesce,Coldsnap,0
1,Swift Maneuver,Coldsnap,0
1,Squall Drifter,Coldsnap,0
1,Kjeldoran Outrider,Coldsnap,0
1,Kjeldoran Javelineer,Coldsnap,0
1,Surging Æther,Coldsnap,0
1,Uktabi Drake,Planar Chaos,0
1,Citanul Woodreaders,Planar Chaos,0
1,Nessian Courser,Future Sight,0
1,Venser's Diffusion,Future Sight,0
1,Riddle of Lightning,Future Sight,0
1,Ichor Slick,Future Sight,0
1,Witch's Mist,Future Sight,0
1,Death Rattle,Future Sight,0
1,Putrid Cyclops,Future Sight,0
1,Oblivion Crown,Future Sight,0
1,Whip-Spine Drake,Future Sight,0
1,Sarcomite Myr,Future Sight,0
1,Memory Lapse,Mirage,0
1,Preferred Selection,Mirage,0
1,Rampant Growth,Mirage,0
1,Wall of Resistance,Mirage,0
1,Teferi's Drake,Mirage,0
1,Arnjlot's Ascent,Ice Age,0
1,Snow Devil,Ice Age,0
1,Essence Flare,Ice Age,0
1,Battle Frenzy,Ice Age,0
1,Stone Rain,Ice Age,0
1,Wall of Lava,Ice Age,0
1,Foxfire,Ice Age,0
1,Essence Filter,Ice Age,0
1,Lava Burst,Ice Age,0
1,Total War,Ice Age,0
1,Lure,Ice Age,0
1,Word of Undoing,Ice Age,0
1,Glowering Rogon,Legions,0
1,Echo Tracer,Legions,0
1,Leap,Stronghold,0
1,Samite Blessing,Stronghold,0
1,Tidal Surge,Stronghold,0
1,Sakura-Tribe Elder,Magic: The Gathering—Conspiracy,0
1,Elvish Aberration,Magic: The Gathering—Conspiracy,0
1,Echoing Courage,Magic: The Gathering—Conspiracy,0
1,Nature's Claim,Magic: The Gathering—Conspiracy,0
1,Tragic Slip,Magic: The Gathering—Conspiracy,0
1,Necromantic Thirst,Magic: The Gathering—Conspiracy,0
1,Stronghold Discipline,Magic: The Gathering—Conspiracy,0
1,Grudge Keeper,Magic: The Gathering—Conspiracy,0
1,Doomed Traveler,Magic: The Gathering—Conspiracy,0
1,Pillarfield Ox,Magic: The Gathering—Conspiracy,0
1,Lizard Warrior,Magic: The Gathering—Conspiracy,0
1,Traveler's Cloak,Magic: The Gathering—Conspiracy,0
1,Kor Chant,Magic: The Gathering—Conspiracy,0
1,Stasis Cell,Magic: The Gathering—Conspiracy,0
1,Aspiring Aeronaut,Magic Origins,0
1,Ringwarden Owl,Magic Origins,0
1,Nivix Barrier,Magic Origins,0
1,Calculated Dismissal,Magic Origins,0
1,Separatist Voidmage,Magic Origins,0
1,Send to Sleep,Magic Origins,0
1,Scrapskin Drake,Magic Origins,0
1,Caustic Caterpillar,Magic Origins,0
1,Aerial Volley,Magic Origins,0
1,Orchard Spirit,Magic Origins,0
1,Wild Instincts,Magic Origins,0
1,Yeva's Forcemage,Magic Origins,0
1,Nissa's Pilgrimage,Magic Origins,0
1,Titanic Growth,Magic Origins,0
1,Leaf Gilder,Magic Origins,0
1,Elvish Visionary,Magic Origins,0
1,Chaotic Backlash,Eventide,0
1,Flame Jab,Eventide,0
1,Unwilling Recruit,Eventide,0
1,Raven's Crime,Eventide,0
1,Ballynock Trapper,Eventide,0
1,Endure,Eventide,0
1,Tilling Treefolk,Eventide,0
1,Dream Fracture,Eventide,0
1,Disperse,Morningtide,0
1,Dewdrop Spy,Morningtide,0
1,Fencer Clique,Morningtide,0
1,Distant Melody,Morningtide,0
1,Thieves' Fortune,Morningtide,0
1,Negate,Morningtide,0
1,Mothdust Changeling,Morningtide,0
1,Ink Dissolver,Morningtide,0
1,Luminescent Rain,Morningtide,0
1,Bosk Banneret,Morningtide,0
1,Hunting Triad,Morningtide,0
1,Orchard Warden,Morningtide,0
1,Heritage Druid,Morningtide,0
1,Kindled Fury,Morningtide,0
1,Seething Pathblazer,Morningtide,0
1,Rage Forger,Morningtide,0
1,Hostile Realm,Morningtide,0
1,Everbark Shaman,Morningtide,0
1,War-Spike Changeling,Morningtide,0
1,Spitebellows,Morningtide,0
1,Brighthearth Banneret,Morningtide,0
1,Stomping Slabs,Morningtide,0
1,Retraction Helix,Born of the Gods,0
1,Gorgon's Head,Born of the Gods,0
1,Ephara's Enlightenment,Born of the Gods,0
1,Siren of the Silent Song,Born of the Gods,0
1,Evanescent Intellect,Born of the Gods,0
1,Chorus of the Tides,Born of the Gods,0
1,Floodtide Serpent,Born of the Gods,0
1,Eye Gouge,Born of the Gods,0
1,Nyxborn Eidolon,Born of the Gods,0
1,Fall of the Hammer,Born of the Gods,0
1,Asphyxiate,Born of the Gods,0
1,Crypsis,Born of the Gods,0
1,Pharagax Giant,Born of the Gods,0
1,Marshmist Titan,Born of the Gods,0
1,March of the Returned,Theros,0
1,Setessan Starbreaker,Born of the Gods,0
1,Bolt of Keranos,Born of the Gods,0
1,Weight of the Underworld,Born of the Gods,0
1,Golden Hind,Journey into Nyx,0
1,Armory of Iroas,Journey into Nyx,0
1,Satyr Grovedancer,Journey into Nyx,0
1,Stormchaser Chimera,Journey into Nyx,0
1,Countermand,Journey into Nyx,0
1,Thassa's Devourer,Journey into Nyx,0
1,Godhunter Octopus,Journey into Nyx,0
1,Power Sink,Tempest,0
1,Time Ebb,Tempest,0
1,Ertai's Meddling,Tempest,0
1,Stinging Licid,Tempest,0
1,Seeker of Skybreak,Tempest,0
1,Skyshroud Elf,Tempest,0
1,Dismiss,Tempest,0
1,Shimmering Wings,Tempest,0
1,Volrath's Curse,Tempest,0
1,Stun,Tempest,0
1,Mogg Raider,Tempest,0
1,Spinal Graft,Tempest,0
1,Dream Cache,Tempest,0
1,Cho-Manno's Blessing,Mercadian Masques,0
1,Moment of Silence,Mercadian Masques,0
1,Giant Caterpillar,Mercadian Masques,0
1,Tranquility,Mercadian Masques,0
1,Diplomatic Immunity,Mercadian Masques,0
1,Lost in a Labyrinth,Theros,0
1,Wild Celebrants,Theros,0
1,Rage of Purphoros,Theros,0
1,Lightning Strike,Theros,0
1,Priest of Iroas,Theros,0
1,Borderland Minotaur,Theros,0
1,Satyr Rambler,Theros,0
1,Demolish,Theros,0
1,Returned Phalanx,Theros,0
1,Viper's Kiss,Theros,0
1,Agent of Horizons,Theros,0
1,Nessian Courser,Theros,0
1,Shredding Winds,Theros,0
1,Nylea's Presence,Theros,0
1,Voyaging Satyr,Theros,0
1,Annul,Theros,0
1,Seer's Lantern,Oath of the Gatewatch,0
1,Endbringer,Oath of the Gatewatch,0
1,Unknown Shores,Oath of the Gatewatch,0
1,Unknown Shores,Theros,0
1,Traveler's Amulet,Theros,0
1,Sip of Hemlock,Theros,0
1,Pharika's Mender,Theros,0
1,Coastline Chimera,Theros,0
1,Tower Drake,Return to Ravnica,0
1,Catacomb Slug,Return to Ravnica,0
1,Korozda Monitor,Return to Ravnica,0
1,Viashino Racketeer,Return to Ravnica,0
1,Axebane Guardian,Return to Ravnica,0
1,Gore-House Chainwalker,Return to Ravnica,0
1,Lobber Crew,Return to Ravnica,0
1,Survey the Wreckage,Return to Ravnica,0
1,Dynacharge,Return to Ravnica,0
1,Traitorous Instinct,Return to Ravnica,0
1,Drudge Beetle,Return to Ravnica,0
1,Centaur's Herald,Return to Ravnica,0
1,Gatecreeper Vine,Return to Ravnica,0
1,Druid's Deliverance,Return to Ravnica,0
1,Ogre Jailbreaker,Return to Ravnica,0
1,Sewer Shambler,Return to Ravnica,0
1,Daggerdrome Imp,Return to Ravnica,0
1,Drainpipe Vermin,Return to Ravnica,0
1,Dispel,Return to Ravnica,0
1,Vassal Soul,Return to Ravnica,0
1,Rakdos Guildgate,Return to Ravnica,0
1,Doorkeeper,Return to Ravnica,0
1,Voidwielder,Return to Ravnica,0
1,Mirror Strike,Prophecy,0
1,Excise,Prophecy,0
1,Devastate,Prophecy,0
1,Latulla's Orders,Prophecy,0
1,Rethink,Prophecy,0
1,Alexi's Cloak,Prophecy,0
1,Pygmy Kavu,Planeshift,0
1,Sisay's Ingenuity,Planeshift,0
1,Lay of the Land,Apocalypse,0
1,Bloodfire Infusion,Apocalypse,0
1,Zombie Boa,Apocalypse,0
1,Living Airship,Apocalypse,0
1,Symbol of Unsummoning,Portal,0
1,Aggressive Urge,Invasion,0
1,Harrow,Invasion,0
1,Llanowar Vanguard,Invasion,0
1,Nightscape Apprentice,Invasion,0
1,Explosive Growth,Invasion,0
1,Prohibit,Invasion,0
1,Barbed Lightning,Darksteel,0
1,Reap and Sow,Darksteel,0
1,Krark-Clan Stoker,Darksteel,0
1,Echoing Courage,Darksteel,0
1,Echoing Decay,Darksteel,0
1,Vex,Darksteel,0
1,Metallurgeon,Archenemy,0
1,Spin into Myth,Archenemy,0
1,Thoughtcutter Agent,Shards of Alara,0
1,Resounding Roar,Shards of Alara,0
1,Elvish Visionary,Shards of Alara,0
1,Naturalize,Shards of Alara,0
1,Court Archers,Shards of Alara,0
1,Carrion Thrash,Shards of Alara,0
1,Cloudheath Drake,Shards of Alara,0
1,Grixis Panorama,Shards of Alara,0
1,Obelisk of Esper,Shards of Alara,0
1,Sigil Blessing,Shards of Alara,0
1,Sangrite Surge,Shards of Alara,0
1,Esper Battlemage,Shards of Alara,0
1,Tortoise Formation,Shards of Alara,0
1,Courier's Capsule,Shards of Alara,0
1,Esperzoa,Conflux,0
1,Nacatl Savage,Conflux,0
1,Might of Alara,Conflux,0
1,Ember Weaver,Conflux,0
1,Sylvan Bounty,Conflux,0
1,Worldly Counsel,Conflux,0
1,Vedalken Outlander,Conflux,0
1,Skyward Eye Prophets,Conflux,0
1,Suicidal Charge,Conflux,0
1,Brackwater Elemental,Conflux,0
1,View from Above,Conflux,0
1,Induce Despair,Rise of the Eldrazi,0
1,Perish the Thought,Rise of the Eldrazi,0
1,Death Cultist,Rise of the Eldrazi,0
1,Bala Ged Scorpion,Rise of the Eldrazi,0
1,Nighthaze,Rise of the Eldrazi,0
1,Contaminated Ground,Rise of the Eldrazi,0
1,Bloodrite Invoker,Rise of the Eldrazi,0
1,Sea Gate Oracle,Rise of the Eldrazi,0
1,Spawning Breath,Rise of the Eldrazi,0
1,Wrap in Flames,Rise of the Eldrazi,0
1,Brood Birthing,Rise of the Eldrazi,0
1,Raid Bombardment,Rise of the Eldrazi,0
1,Nest Invader,Rise of the Eldrazi,0
1,Battle-Rattle Shaman,Rise of the Eldrazi,0
1,Growth Spasm,Rise of the Eldrazi,0
1,Staggershock,Rise of the Eldrazi,0
1,Leaf Arrow,Rise of the Eldrazi,0
1,Emrakul's Hatcher,Rise of the Eldrazi,0
1,Goblin Tunneler,Rise of the Eldrazi,0
1,Lavafume Invoker,Rise of the Eldrazi,0
1,Fissure Vent,Rise of the Eldrazi,0
1,Flame Slash,Rise of the Eldrazi,0
1,Kozilek's Predator,Rise of the Eldrazi,0
1,Wildheart Invoker,Rise of the Eldrazi,0
1,Ancient Stirrings,Rise of the Eldrazi,0
1,Goblin Arsonist,Rise of the Eldrazi,0
1,Heat Ray,Rise of the Eldrazi,0
1,Naturalize,Rise of the Eldrazi,0
1,Shared Discovery,Rise of the Eldrazi,0
1,Jwari Scuttler,Rise of the Eldrazi,0
1,Distortion Strike,Rise of the Eldrazi,0
1,Mnemonic Wall,Rise of the Eldrazi,0
1,Lifespring Druid,Battle for Zendikar,0
1,Touch of the Void,Battle for Zendikar,0
1,Volcanic Upheaval,Battle for Zendikar,0
1,Makindi Sliderunner,Battle for Zendikar,0
1,Giant Mantis,Battle for Zendikar,0
1,Tajuru Beastmaster,Battle for Zendikar,0
1,Swell of Growth,Battle for Zendikar,0
1,Territorial Baloth,Battle for Zendikar,0
1,Seek the Wilds,Battle for Zendikar,0
1,Valakut Predator,Battle for Zendikar,0
1,Blisterpod,Battle for Zendikar,0
1,Broodhunter Wurm,Battle for Zendikar,0
1,Plummet,Battle for Zendikar,0
1,Call the Scions,Battle for Zendikar,0
1,Unnatural Aggression,Battle for Zendikar,0
1,Earthen Arms,Battle for Zendikar,0
1,Tajuru Stalwart,Battle for Zendikar,0
1,Sludge Crawler,Battle for Zendikar,0
1,Geyserfield Stalker,Battle for Zendikar,0
1,Dutiful Return,Battle for Zendikar,0
1,Rising Miasma,Battle for Zendikar,0
1,Outnumber,Battle for Zendikar,0
1,Stonefury,Battle for Zendikar,0
1,Nirkana Assassin,Battle for Zendikar,0
1,Reckless Cohort,Battle for Zendikar,0
1,Kozilek's Sentinel,Battle for Zendikar,0
1,Complete Disregard,Battle for Zendikar,0
1,Mind Raker,Battle for Zendikar,0
1,Belligerent Whiptail,Battle for Zendikar,0
1,Mire's Malice,Battle for Zendikar,0
1,Ondu Champion,Battle for Zendikar,0
1,Culling Drone,Battle for Zendikar,0
1,Swarm Surge,Battle for Zendikar,0
1,Altar's Reap,Battle for Zendikar,0
1,Brilliant Spectrum,Battle for Zendikar,0
1,Rush of Ice,Battle for Zendikar,0
1,Oracle of Dust,Battle for Zendikar,0
1,Mist Intruder,Battle for Zendikar,0
1,Incubator Drone,Battle for Zendikar,0
1,Deathless Behemoth,Battle for Zendikar,0
1,Spawning Bed,Battle for Zendikar,0
1,Desolation Twin,Battle for Zendikar,0
1,Hedron Blade,Battle for Zendikar,0
1,Cloud Manta,Battle for Zendikar,0
1,Welkin Tern,Zendikar,0
1,Harrow,Zendikar,0
1,Zendikar Farguide,Zendikar,0
1,Nissa's Chosen,Zendikar,0
1,Grazing Gladehart,Zendikar,0
1,Whiplash Trap,Zendikar,0
1,Windrider Eel,Zendikar,0
1,Shoal Serpent,Zendikar,0
1,Explorer's Scope,Zendikar,0
1,Hedron Scrabbler,Zendikar,0
1,Ancient Crab,Oath of the Gatewatch,0
1,Jwar Isle Avenger,Oath of the Gatewatch,0
1,Negate,Oath of the Gatewatch,0
1,Slip Through Space,Oath of the Gatewatch,0
1,Blinding Drone,Oath of the Gatewatch,0
1,Terashi's Grasp,Betrayers of Kamigawa,0
1,Heart of Light,Betrayers of Kamigawa,0
1,Shimmering Glasskite,Betrayers of Kamigawa,0
1,Teardrop Kami,Betrayers of Kamigawa,0
1,Will of the Naga,Fate Reforged,0
1,Whisk Away,Fate Reforged,0
1,Rakshasa's Disdain,Fate Reforged,0
1,Lotus Path Djinn,Fate Reforged,0
1,Write into Being,Fate Reforged,0
1,Sultai Skullkeeper,Fate Reforged,0
1,Map the Wastes,Fate Reforged,0
1,Temur Runemark,Fate Reforged,0
1,Return to the Earth,Fate Reforged,0
1,Ambush Krotiq,Fate Reforged,0
1,Feral Krushok,Fate Reforged,0
1,Archers of Qarsi,Fate Reforged,0
1,Whisperer of the Wilds,Fate Reforged,0
1,Frontier Mastodon,Fate Reforged,0
1,Defiant Ogre,Fate Reforged,0
1,Hooded Assassin,Fate Reforged,0
1,Collateral Damage,Fate Reforged,0
1,Ancestral Vengeance,Fate Reforged,0
1,Temur Battle Rage,Fate Reforged,0
1,Goblin Heelcutter,Fate Reforged,0
1,Tasigur's Cruelty,Fate Reforged,0
1,Mardu Scout,Fate Reforged,0
1,Smoldering Efreet,Fate Reforged,0
1,Alesha's Vanguard,Fate Reforged,0
1,Spark Elemental,Fifth Dawn,0
1,Nim Grotesque,Fifth Dawn,0
1,Vanquish,Fifth Dawn,0
1,Early Frost,Fifth Dawn,0
1,Muddle the Mixture,Ravnica: City of Guilds,0
1,Scatter the Seeds,Ravnica: City of Guilds,0
1,Greater Mossdog,Ravnica: City of Guilds,0
1,Frenzied Goblin,Ravnica: City of Guilds,0
1,Stone-Seeder Hierophant,Ravnica: City of Guilds,0
1,Root-Kin Ally,Ravnica: City of Guilds,0
1,Goblin Fire Fiend,Ravnica: City of Guilds,0
1,Viashino Fangtail,Ravnica: City of Guilds,0
1,Barbarian Riftcutter,Ravnica: City of Guilds,0
1,Cleansing Beam,Ravnica: City of Guilds,0
1,Courier Hawk,Ravnica: City of Guilds,0
1,Peel from Reality,Ravnica: City of Guilds,0
1,Thornwind Faeries,Urza's Legacy,0
1,Ghitu War Cry,Urza's Legacy,0
1,Volition Reins,Scars of Mirrodin,0
1,Halt Order,Scars of Mirrodin,0
1,Scrapdiver Serpent,Scars of Mirrodin,0
1,Stoic Rebuttal,Scars of Mirrodin,0
1,Fatal Blow,Weatherlight,0
1,Disrupt,Weatherlight,0
1,Lava Dart,Judgment,0
1,Book Burning,Judgment,0
1,Ironshell Beetle,Judgment,0
1,Benevolent Bodyguard,Judgment,0
1,Mental Note,Judgment,0
1,Elephant Guide,Eternal Masters,0
1,Keldon Marauders,Eternal Masters,0
1,Yavimaya Enchantress,Eternal Masters,0
1,Harmonize,Eternal Masters,0
1,Worn Powerstone,Eternal Masters,0
1,Undying Rage,Eternal Masters,1
1,Dream Twist,Eternal Masters,0
1,Memory Lapse,Eternal Masters,0
1,Scoured Barrens,Eternal Masters,0
1,Ichorid,Eternal Masters,0
1,Glimmerpoint Stag,Eternal Masters,0
1,Elite Vanguard,Eternal Masters,0
1,Pacifism,Eternal Masters,0
1,Twisted Abomination,Eternal Masters,0
1,Blossoming Sands,Eternal Masters,0
1,Smoldering Crater,Urza's Saga,0
1,Drifting Meadow,Urza's Saga,0
1,Syphon Mind,Magic: The Gathering-Commander,0
1,Bestial Menace,Magic: The Gathering-Commander,0
1,Cobra Trap,Magic: The Gathering-Commander,0
1,Shriekmaw,Magic: The Gathering-Commander,0
1,Nemesis Trap,Magic: The Gathering-Commander,0
1,Nantuko Husk,Magic: The Gathering-Commander,0
1,Aquastrand Spider,Magic: The Gathering-Commander,0
1,Tribute to the Wild,Magic: The Gathering-Commander,0
1,Fertilid,Magic: The Gathering-Commander,0
1,Fists of Ironwood,Magic: The Gathering-Commander,0
1,Squallmonger,Magic: The Gathering-Commander,0
1,Spike Feeder,Magic: The Gathering-Commander,0
1,Vow of Duty,Magic: The Gathering-Commander,0
1,Oblivion Ring,Magic: The Gathering-Commander,0
1,Vow of Wildness,Magic: The Gathering-Commander,0
1,Slinking Skirge,Urza's Destiny,0
1,Skittering Horror,Urza's Destiny,0
1,Bubbling Muck,Urza's Destiny,0
1,Dying Wail,Urza's Destiny,0
1,Kithkin Shielddare,Shadowmoor,0
1,Barrenton Medic,Shadowmoor,0
1,Niveous Wisps,Shadowmoor,0
1,Llanowar Elves,Magic 2010,0
1,Prized Unicorn,Magic 2010,0
1,Dragon Whelp,Magic 2010,0
1,Trumpet Blast,Magic 2010,0
1,Palace Guard,Magic 2010,0
1,Wall of Faith,Magic 2010,0
1,Burning Inquiry,Magic 2010,0
1,Looming Shade,Magic 2010,0
1,Disentomb,Magic 2010,0
1,Drudge Skeletons,Magic 2010,0
1,Mind Rot,Magic 2010,0
1,Celestial Purge,Magic 2010,0
1,Excommunicate,Magic 2010,0
1,Sandskin,Onslaught,0
1,Skirk Shaman,Planar Chaos,0
1,Circle of Affliction,Planar Chaos,0
1,Saltblast,Planar Chaos,0
1,Revered Dead,Planar Chaos,0
1,Spirit en-Dal,Future Sight,0
1,Heat Ray,Urza's Saga,0
1,Despondency,Urza's Saga,0
1,Shower of Sparks,Urza's Saga,0
1,Lay Waste,Urza's Saga,0
1,Falter,Urza's Saga,0
1,Serra Zealot,Urza's Saga,0
1,Spawnbinder Mage,Oath of the Gatewatch,0
1,Steppe Glider,Oath of the Gatewatch,0
1,Affa Protector,Oath of the Gatewatch,0
1,Mighty Leap,Oath of the Gatewatch,0
1,Ondu War Cleric,Oath of the Gatewatch,0
1,Expedite,Oath of the Gatewatch,0
1,Searing Light,Oath of the Gatewatch,0
1,Corpse Churn,Oath of the Gatewatch,0
1,Sparkmage's Gambit,Oath of the Gatewatch,0
1,Akoum Flameseeker,Oath of the Gatewatch,0
1,Sky Scourer,Oath of the Gatewatch,0
1,Vines of the Recluse,Oath of the Gatewatch,0
1,Scion Summoner,Oath of the Gatewatch,0
1,Pulse of Murasa,Oath of the Gatewatch,0
1,Lead by Example,Oath of the Gatewatch,0
1,Eldrazi Aggressor,Oath of the Gatewatch,0
1,Goblin Freerunner,Oath of the Gatewatch,0
1,Zada's Commando,Oath of the Gatewatch,0
1,Needle Spires,Oath of the Gatewatch,0
1,Submerged Boneyard,Oath of the Gatewatch,0
1,Kozilek's Pathfinder,Oath of the Gatewatch,0
1,Slaughter Drone,Oath of the Gatewatch,0
1,Tar Snare,Oath of the Gatewatch,0
1,Kor Sky Climber,Oath of the Gatewatch,0
1,Glint Hawk,Scars of Mirrodin,0
1,Blackcleave Goblin,Scars of Mirrodin,0
1,Auriok Edgewright,Scars of Mirrodin,0
1,Ghalma's Warden,Scars of Mirrodin,0
1,Abuna Acolyte,Scars of Mirrodin,0
1,Auriok Sunchaser,Scars of Mirrodin,0
1,Salvage Scout,Scars of Mirrodin,0
1,Necrogen Scudder,Scars of Mirrodin,0
1,Sunspear Shikari,Scars of Mirrodin,0
1,Ichor Rats,Scars of Mirrodin,0
1,Contagious Nim,Scars of Mirrodin,0
1,Dross Hopper,Scars of Mirrodin,0
1,Plague Stinger,Scars of Mirrodin,0
1,Moriok Reaver,Scars of Mirrodin,0
1,Relic Putrescence,Scars of Mirrodin,0
1,Wing Puncture,Scars of Mirrodin,0
1,Tel-Jilad Defiance,Scars of Mirrodin,0
1,Untamed Might,Scars of Mirrodin,0
1,Copperhorn Scout,Scars of Mirrodin,0
1,Melt Terrain,Scars of Mirrodin,0
1,Blade-Tribe Berserkers,Scars of Mirrodin,0
1,Arc Trail,Scars of Mirrodin,0
1,Furnace Celebration,Scars of Mirrodin,0
1,Assault Strobe,Scars of Mirrodin,0
1,Ogre Geargrabber,Scars of Mirrodin,0
1,Embersmith,Scars of Mirrodin,0
1,Oxidda Daredevil,Scars of Mirrodin,0
1,Grasp of Darkness,Scars of Mirrodin,0
1,Bleak Coven Vampires,Scars of Mirrodin,0
1,Withstand Death,Scars of Mirrodin,0
1,Loxodon Wayfarer,Scars of Mirrodin,0
1,Corpse Hauler,Magic 2014 Core Set,0
1,Festering Newt,Magic 2014 Core Set,0
1,Blood Bairn,Magic 2014 Core Set,0
1,Pay No Heed,Magic 2014 Core Set,0
1,Returned Centaur,Magic Origins,0
1,Bellows Lizard,Magic Origins,0
1,Prickleboar,Magic Origins,0
1,Ghirapur Gearcrafter,Magic Origins,0
1,Reave Soul,Magic Origins,0
1,Volcanic Rambler,Magic Origins,0
1,Macabre Waltz,Magic Origins,0
1,Lightning Javelin,Magic Origins,0
1,Act of Treason,Magic Origins,0
1,Nantuko Husk,Magic Origins,0
1,Unholy Hunger,Magic Origins,0
1,Shambling Ghoul,Magic Origins,0
1,Catacomb Slug,Magic Origins,0
1,Heavy Infantry,Magic Origins,0
1,Final-Sting Faerie,Morningtide,0
1,Pack's Disdain,Morningtide,0
1,Offalsnout,Morningtide,0
1,Nightshade Schemers,Morningtide,0
1,Morsel Theft,Morningtide,0
1,Frogtosser Banneret,Morningtide,0
1,Blightsoil Druid,Morningtide,0
1,Violet Pall,Morningtide,0
1,Ballyrush Banneret,Morningtide,0
1,Weed-Pruner Poplar,Morningtide,0
1,Stonybrook Schoolmaster,Morningtide,0
1,Wandering Graybeard,Morningtide,0
1,Redeem the Lost,Morningtide,0
1,Mortal Obstinacy,Journey into Nyx,0
1,Magma Spray,Journey into Nyx,0
1,Returned Reveler,Journey into Nyx,0
1,Flurry of Horns,Journey into Nyx,0
1,Starfall,Journey into Nyx,0
1,Flamespeaker's Will,Journey into Nyx,0
1,Font of Return,Journey into Nyx,0
1,Bloodcrazed Hoplite,Journey into Nyx,0
1,Cast into Darkness,Journey into Nyx,0
1,Mortal's Ardor,Born of the Gods,0
1,Loyal Pegasus,Born of the Gods,0
1,Stonewise Fortifier,Journey into Nyx,0
1,Elite Skirmisher,Born of the Gods,0
1,Griffin Dreamfinder,Born of the Gods,0
1,Hold at Bay,Born of the Gods,0
1,Cruel Feeding,Journey into Nyx,0
1,Font of Vigor,Journey into Nyx,0
1,Lagonna-Band Elder,Theros,0
1,Hopeful Eidolon,Theros,0
1,Gods Willing,Theros,0
1,Battlewise Valor,Theros,0
1,Silent Artisan,Theros,0
1,Setessan Battle Priest,Theros,0
1,Ray of Dissolution,Theros,0
1,Swift Justice,Return to Ravnica,0
1,Ethereal Armor,Return to Ravnica,0
1,Armory Guard,Return to Ravnica,0
1,Selesnya Sentry,Return to Ravnica,0
1,Spider Spawning,Innistrad,0
1,Ancient Grudge,Innistrad,0
1,Night Terrors,Innistrad,0
1,Brain Weevil,Innistrad,0
1,Abbey Griffin,Innistrad,0
1,Selfless Cathar,Innistrad,0
1,Dragon Fodder,Shards of Alara,0
1,Viashino Skeleton,Shards of Alara,0
1,Goblin Mountaineer,Shards of Alara,0
1,Bloodthorn Taunter,Shards of Alara,0
1,Ridge Rannet,Shards of Alara,0
1,Viscera Dragger,Shards of Alara,0
1,Thunder-Thrash Elder,Shards of Alara,0
1,Sighted-Caste Sorcerer,Shards of Alara,0
1,Welkin Guide,Shards of Alara,0
1,Resounding Silence,Shards of Alara,0
1,Executioner's Capsule,Shards of Alara,0
1,Dregscape Zombie,Shards of Alara,0
1,Wandering Goblins,Conflux,0
1,Maniacal Rage,Conflux,0
1,Quenchable Fire,Conflux,0
1,Molten Frame,Conflux,0
1,Kranioceros,Conflux,0
1,Sedraxis Alchemist,Conflux,0
1,Darklit Gargoyle,Conflux,0
1,Valiant Guard,Conflux,0
1,Rhox Meditant,Conflux,0
1,Court Homunculus,Conflux,0
1,Abzan Advantage,Fate Reforged,0
1,Sandblast,Fate Reforged,0
1,Great-Horn Krushok,Fate Reforged,0
1,Abzan Skycaptain,Fate Reforged,0
1,Pressure Point,Fate Reforged,0
1,Arashin Cleric,Fate Reforged,0
1,Balance,Fourth Edition,0
1,Tundra Wolves,Fourth Edition,0
1,Wall of Swords,Fourth Edition,0
1,Circle of Protection Black,Fourth Edition,0
1,Disenchant,Fourth Edition,0
1,Terror,Fourth Edition,0
1,Northern Paladin,Fourth Edition,0
1,Reverse Damage,Fourth Edition,0
1,Flashfires,Fourth Edition,0
1,Channel,Fourth Edition,0
1,Pradesh Gypsies,Fourth Edition,0
1,Shanodin Dryads,Fourth Edition,0
1,Winter Blast,Fourth Edition,0
1,Mesa Pegasus,Fourth Edition,0
1,Wall of Fire,Classic Sixth Edition,0
1,Flashfires,Classic Sixth Edition,0
1,Stone Rain,Classic Sixth Edition,0
1,Raging Goblin,Classic Sixth Edition,0
1,Abyssal Specter,Classic Sixth Edition,0
1,Perish,Classic Sixth Edition,0
1,Enlightened Tutor,Classic Sixth Edition,0
1,Wall of Swords,Classic Sixth Edition,0
1,Eland Umbra,Rise of the Eldrazi,0
1,Harmless Assault,Rise of the Eldrazi,0
1,Repel the Darkness,Rise of the Eldrazi,0
1,Puncturing Light,Rise of the Eldrazi,0
1,Glory Seeker,Rise of the Eldrazi,0
1,Soul's Attendant,Rise of the Eldrazi,0
1,Wall of Omens,Rise of the Eldrazi,0
1,Lone Missionary,Rise of the Eldrazi,0
1,Sheer Drop,Battle for Zendikar,0
1,Makindi Patrol,Battle for Zendikar,0
1,Cliffside Lookout,Battle for Zendikar,0
1,Kor Castigator,Battle for Zendikar,0
1,Felidar Cub,Battle for Zendikar,0
1,Stone Haven Medic,Battle for Zendikar,0
1,Ondu Greathorn,Battle for Zendikar,0
1,Shadow Glider,Battle for Zendikar,0
1,Lithomancer's Focus,Battle for Zendikar,0
1,Gideon's Reproach,Battle for Zendikar,0
1,Aligned Hedron Network,Battle for Zendikar,0
1,Breaker of Armies,Battle for Zendikar,0
1,Scour from Existence,Battle for Zendikar,0
1,Disturbing Plot,Shadowmoor,0
1,Splitting Headache,Shadowmoor,0
1,Corrosive Mentor,Shadowmoor,0
1,Cinderhaze Wretch,Shadowmoor,0
1,Smolder Initiate,Shadowmoor,0
1,Center Soul,Dragons of Tarkir,0
1,Sandcrafter Mage,Dragons of Tarkir,0
1,Student of Ojutai,Dragons of Tarkir,0
1,Capashen Knight,Urza's Destiny,0
1,Capashen Standard,Urza's Destiny,0
1,Reliquary Monk,Urza's Destiny,0
1,Selfless Cathar,Magic 2015 Core Set,0
1,Soulmender,Magic 2015 Core Set,0
1,Tireless Missionaries,Magic 2015 Core Set,0
1,Oppressive Rays,Magic 2015 Core Set,0
1,Heartstabber Mosquito,Zendikar,0
1,Kor Cartographer,Zendikar,0
1,Rotting Mastodon,Khans of Tarkir,0
1,Void Shatter,Oath of the Gatewatch,0
1,Grip of the Roil,Oath of the Gatewatch,0
1,Shoulder to Shoulder,Oath of the Gatewatch,0
1,Mardu Hateblade,Khans of Tarkir,0
1,Seed Guardian,Oath of the Gatewatch,0
1,Akoum Flameseeker,Oath of the Gatewatch,0
1,Brute Strength,Oath of the Gatewatch,0
1,Cinder Hellion,Oath of the Gatewatch,0
1,Tajuru Pathwarden,Oath of the Gatewatch,0
1,Nissa's Judgment,Oath of the Gatewatch,0
1,Retreat to Valakut,Battle for Zendikar,0
1,Goblin War Paint,Battle for Zendikar,0
1,Ulamog's Reclaimer,Battle for Zendikar,0
